{
  "schemaVersion": 1,
  "id": "legacyenhance",
  "version": "1.0.0",
  "name": "LegacyEnhance",
  "description": "A Minecraft mod for LegacyFabric 1.8.9 that enhances performance and fixes bugs",
  "authors": [
    "Hankung"
  ],
  "contact": {
    "homepage": "https://github.com/Hankung7183/LegacyEnhance",
    "sources": "https://github.com/Hankung7183/LegacyEnhance"
  },
  "icon": "assets/legacyenhance/icon.png",
  "accessWidener": "legacyenhance.accesswidener",
  "license": "MIT",
  "environment": "client",
  "entrypoints": {
    "client": [
      "me.hankung.legacyenhance.LegacyEnhance"
    ],
    "modmenu": [
      "me.hankung.legacyenhance.config.ModMenu"
    ]
  },
  "mixins": [
    "legacyenhance.mixins.json"
  ],
  "custom": {
    "modmenu:clientsideOnly": true
  },
  "depends": {
    "fabricloader": "\u003e\u003d0.14.19",
    "minecraft": "1.8.9"
  },
  "jars": [
    {
      "file": "META-INF/jars/AxolotlClientConfig-common-2.1.9.jar"
    },
    {
      "file": "META-INF/jars/AxolotlClient-config-2.1.9+1.8.9.jar"
    }
  ]
}