{
  "mappings": {
    "me/hankung/legacyenhance/mixin/adjustheightfix/ExperienceOrbEntityMixin": {
      "Lnet/minecraft/entity/player/PlayerEntity;getEyeHeight()F": "Lnet/minecraft/class_988;method_2544()F",
      "tick": "Lnet/minecraft/class_869;method_2558()V"
    },
    "me/hankung/legacyenhance/mixin/armorbreakingsound/ScreenHandlerMixin": {
      "setStackInSlot": "Lnet/minecraft/class_1002;method_3253(ILnet/minecraft/class_1071;)V"
    },
    "me/hankung/legacyenhance/mixin/armpositionfix/PlayerEntityRendererMixin": {
      "Lnet/minecraft/client/render/entity/model/PlayerEntityModel;sneaking:Z": "Lnet/minecraft/class_2344;field_1484:Z",
      "renderRightArm": "Lnet/minecraft/class_570;method_10305(Lnet/minecraft/class_1631;)V"
    },
    "me/hankung/legacyenhance/mixin/banneranimationfix/BannerBlockEntityRendererMixin": {
      "Lnet/minecraft/world/World;getLastUpdateTime()J": "Lnet/minecraft/class_1150;method_4678()J",
      "render(Lnet/minecraft/block/entity/BannerBlockEntity;DDDFI)V": "Lnet/minecraft/class_2471;method_10098(Lnet/minecraft/class_2225;DDDFI)V"
    },
    "me/hankung/legacyenhance/mixin/batchdrawing/BufferBuilderAccessor": {
      "building": "field_1776:Z"
    },
    "me/hankung/legacyenhance/mixin/batchdrawing/ModelPartMixin": {
      "Lnet/minecraft/client/render/Tessellator;getBuffer()Lnet/minecraft/client/render/BufferBuilder;": "Lnet/minecraft/class_533;method_9928()Lnet/minecraft/class_520;",
      "compileList": "Lnet/minecraft/class_467;method_1196(F)V",
      "render": "Lnet/minecraft/class_467;method_1186(F)V"
    },
    "me/hankung/legacyenhance/mixin/batchdrawing/TexturedQuadMixin": {
      "Lnet/minecraft/client/render/BufferBuilder;begin(ILnet/minecraft/client/render/VertexFormat;)V": "Lnet/minecraft/class_520;method_9737(ILnet/minecraft/class_2522;)V",
      "Lnet/minecraft/client/render/Tessellator;draw()V": "Lnet/minecraft/class_533;method_9927()V",
      "draw": "Lnet/minecraft/class_447;method_9644(Lnet/minecraft/class_520;F)V"
    },
    "me/hankung/legacyenhance/mixin/betterchat/ChatHudMixin": {
      "Lcom/mojang/blaze3d/platform/GlStateManager;pushMatrix()V": "Lnet/minecraft/class_2403;method_9791()V",
      "Lnet/minecraft/client/font/TextRenderer;drawWithShadow(Ljava/lang/String;FFI)I": "Lnet/minecraft/class_370;method_956(Ljava/lang/String;FFI)I",
      "Lnet/minecraft/client/gui/hud/ChatHud;scrolledLines:I": "Lnet/minecraft/class_357;field_1060:I",
      "Lnet/minecraft/client/gui/hud/ChatHudLine;getId()I": "Lnet/minecraft/class_326;method_836()I",
      "addMessage(Lnet/minecraft/text/Text;I)V": "Lnet/minecraft/class_357;method_6691(Lnet/minecraft/class_1982;I)V",
      "addMessage(Lnet/minecraft/text/Text;IIZ)V": "Lnet/minecraft/class_357;method_6692(Lnet/minecraft/class_1982;IIZ)V",
      "getTextAt": "Lnet/minecraft/class_357;method_897(II)Lnet/minecraft/class_1982;",
      "net/minecraft/client/gui/hud/ChatHud.fill(IIIII)V": "Lnet/minecraft/class_357;method_988(IIIII)V",
      "removeMessage": "Lnet/minecraft/class_357;method_905(I)V",
      "render": "Lnet/minecraft/class_357;method_896(I)V"
    },
    "me/hankung/legacyenhance/mixin/betterchat/ChatMessageC2SPacketMixin": {
      "<init>(Ljava/lang/String;)V": "Lnet/minecraft/class_2053;<init>(Ljava/lang/String;)V",
      "read": "Lnet/minecraft/class_2053;method_7535(Lnet/minecraft/class_1967;)V"
    },
    "me/hankung/legacyenhance/mixin/betterchat/ChatScreenMixin": {
      "init": "Lnet/minecraft/class_359;method_1044()V"
    },
    "me/hankung/legacyenhance/mixin/betterchat/CloseScreenS2CPacketMixin": {
      "apply(Lnet/minecraft/network/listener/ClientPlayPacketListener;)V": "Lnet/minecraft/class_2010;method_7713(Lnet/minecraft/class_1993;)V"
    },
    "me/hankung/legacyenhance/mixin/betterchat/MinecraftClientMixin": {
      "Lnet/minecraft/client/gui/hud/ChatHud;clear()V": "Lnet/minecraft/class_357;method_895()V",
      "setScreen": "Lnet/minecraft/class_1600;method_2928(Lnet/minecraft/class_388;)V"
    },
    "me/hankung/legacyenhance/mixin/betterkeybind/KeyBindingAccessor": {
      "KEYS": "field_904:Ljava/util/List;"
    },
    "me/hankung/legacyenhance/mixin/betterkeybind/MinecraftClientMixin": {
      "Lnet/minecraft/client/MouseInput;lockMouse()V": "Lnet/minecraft/class_345;method_861()V",
      "closeScreen": "Lnet/minecraft/class_1600;method_2950()V"
    },
    "me/hankung/legacyenhance/mixin/betterroman/EnchantmentMixin": {
      "getTranslatedName": "Lnet/minecraft/class_1127;method_3516(I)Ljava/lang/String;"
    },
    "me/hankung/legacyenhance/mixin/betterroman/InventoryScreenMixin": {
      "Lnet/minecraft/client/resource/language/I18n;translate(Ljava/lang/String;[Ljava/lang/Object;)Ljava/lang/String;": "Lnet/minecraft/class_1664;method_5934(Ljava/lang/String;[Ljava/lang/Object;)Ljava/lang/String;",
      "Lnet/minecraft/entity/effect/StatusEffectInstance;getAmplifier()I": "Lnet/minecraft/class_861;method_2455()I",
      "drawStatusEffects": "Lnet/minecraft/class_418;method_1155()V"
    },
    "me/hankung/legacyenhance/mixin/bettersmoothlighting/BlockModelRendererMixin": {
      "Lnet/minecraft/block/Block;isTransluscent()Z": "Lnet/minecraft/class_197;method_6453()Z",
      "apply(Lnet/minecraft/world/BlockView;Lnet/minecraft/block/Block;Lnet/minecraft/util/math/BlockPos;Lnet/minecraft/util/math/Direction;[FLjava/util/BitSet;)V": "Lnet/minecraft/class_2432$class_2434;method_9971(Lnet/minecraft/class_1158;Lnet/minecraft/class_197;Lnet/minecraft/class_2552;Lnet/minecraft/class_1354;[FLjava/util/BitSet;)V",
      "net.minecraft.client.render.block.BlockModelRenderer$AmbientOcclusionCalculator": "net/minecraft/class_2432$class_2434"
    },
    "me/hankung/legacyenhance/mixin/brightnessfix/EntityMixin": {
      "Lnet/minecraft/world/World;blockExists(Lnet/minecraft/util/math/BlockPos;)Z": "Lnet/minecraft/class_1150;method_8548(Lnet/minecraft/class_2552;)Z",
      "getLightmapCoordinates": "Lnet/minecraft/class_864;method_2524(F)I"
    },
    "me/hankung/legacyenhance/mixin/brightnessfix/StuckArrowsFeatureRendererMixin": {
      "Lnet/minecraft/client/render/DiffuseLighting;disable()V": "Lnet/minecraft/class_328;method_843()V",
      "Lnet/minecraft/client/render/DiffuseLighting;enableNormally()V": "Lnet/minecraft/class_328;method_846()V",
      "render": "Lnet/minecraft/class_2495;method_10295(Lnet/minecraft/class_1699;FFFFFFF)V"
    },
    "me/hankung/legacyenhance/mixin/cachedisplayname/EntityMixin": {
      "Lnet/minecraft/entity/Entity;getHoverEvent()Lnet/minecraft/text/HoverEvent;": "Lnet/minecraft/class_864;method_10944()Lnet/minecraft/class_1984;",
      "Lnet/minecraft/text/Style;setHoverEvent(Lnet/minecraft/text/HoverEvent;)Lnet/minecraft/text/Style;": "Lnet/minecraft/class_1986;method_7488(Lnet/minecraft/class_1984;)Lnet/minecraft/class_1986;",
      "getName": "Lnet/minecraft/class_864;method_6344()Lnet/minecraft/class_1982;"
    },
    "me/hankung/legacyenhance/mixin/cachedisplayname/ItemStackMixin": {
      "getCustomName": "Lnet/minecraft/class_1071;method_4623()Ljava/lang/String;",
      "setCustomName": "Lnet/minecraft/class_1071;method_6373(Ljava/lang/String;)Lnet/minecraft/class_1071;"
    },
    "me/hankung/legacyenhance/mixin/cachedisplayname/PlayerEntityMixin": {
      "Lnet/minecraft/entity/player/PlayerEntity;getHoverEvent()Lnet/minecraft/text/HoverEvent;": "Lnet/minecraft/class_988;method_10944()Lnet/minecraft/class_1984;",
      "Lnet/minecraft/text/Style;setHoverEvent(Lnet/minecraft/text/HoverEvent;)Lnet/minecraft/text/Style;": "Lnet/minecraft/class_1986;method_7488(Lnet/minecraft/class_1984;)Lnet/minecraft/class_1986;",
      "getName": "Lnet/minecraft/class_988;method_6344()Lnet/minecraft/class_1982;"
    },
    "me/hankung/legacyenhance/mixin/cancellightmap/GameRendererMixin": {
      "Lnet/minecraft/util/profiler/Profiler;pop()V": "Lnet/minecraft/class_839;method_2357()V",
      "updateLightmap": "Lnet/minecraft/class_524;method_4302(F)V"
    },
    "me/hankung/legacyenhance/mixin/casecommands/CommandRegistryMixin": {
      "Lnet/minecraft/command/AbstractCommand;method_2883(Ljava/lang/String;Ljava/lang/String;)Z": "Lnet/minecraft/class_955;method_2883(Ljava/lang/String;Ljava/lang/String;)Z",
      "execute": "Lnet/minecraft/class_981;method_3310(Lnet/minecraft/class_1061;Ljava/lang/String;)I",
      "getCompletions": "Lnet/minecraft/class_981;method_10746(Lnet/minecraft/class_1061;Ljava/lang/String;Lnet/minecraft/class_2552;)Ljava/util/List;",
      "registerCommand": "Lnet/minecraft/class_981;method_3103(Lnet/minecraft/class_1007;)Lnet/minecraft/class_1007;"
    },
    "me/hankung/legacyenhance/mixin/cleanview/LivingEntityMixin": {
      "Lnet/minecraft/world/World;addParticle(Lnet/minecraft/client/particle/ParticleType;DDDDDD[I)V": "Lnet/minecraft/class_1150;method_8511(Lnet/minecraft/class_2562;DDDDDD[I)V",
      "tickStatusEffects": "Lnet/minecraft/class_1699;method_6118()V"
    },
    "me/hankung/legacyenhance/mixin/clearhandles/ResourcePackScreenMixin": {
      "buttonClicked": "Lnet/minecraft/class_617;method_1027(Lnet/minecraft/class_356;)V"
    },
    "me/hankung/legacyenhance/mixin/depthfix/CreeperLightningFeatureRendererMixin": {
      "Lcom/mojang/blaze3d/platform/GlStateManager;depthMask(Z)V": "Lnet/minecraft/class_2403;method_9811(Z)V",
      "Lnet/minecraft/client/render/entity/model/CreeperEntityModel;render(Lnet/minecraft/entity/Entity;FFFFFF)V": "Lnet/minecraft/class_437;method_1176(Lnet/minecraft/class_864;FFFFFF)V",
      "render(Lnet/minecraft/entity/mob/CreeperEntity;FFFFFFF)V": "Lnet/minecraft/class_2498;method_10286(Lnet/minecraft/class_969;FFFFFFF)V"
    },
    "me/hankung/legacyenhance/mixin/depthfix/SpiderEyesFeatureRendererMixin": {
      "render(Lnet/minecraft/entity/mob/SpiderEntity;FFFFFFF)V": "Lnet/minecraft/class_2512;method_10300(Lnet/minecraft/class_980;FFFFFFF)V"
    },
    "me/hankung/legacyenhance/mixin/depthfix/WitherArmorFeatureRendererMixin": {
      "render(Lnet/minecraft/entity/boss/WitherEntity;FFFFFFF)V": "Lnet/minecraft/class_2516;method_10303(Lnet/minecraft/class_1410;FFFFFFF)V"
    },
    "me/hankung/legacyenhance/mixin/displayscreen/MinecraftClientMixin": {
      "Lnet/minecraft/client/MinecraftClient;setScreen(Lnet/minecraft/client/gui/screen/Screen;)V": "Lnet/minecraft/class_1600;method_2928(Lnet/minecraft/class_388;)V",
      "startIntegratedServer": "Lnet/minecraft/class_1600;method_6636(Ljava/lang/String;Ljava/lang/String;Lnet/minecraft/class_1156;)V"
    },
    "me/hankung/legacyenhance/mixin/downscaletexture/AbstractFileResourcePackMixin": {
      "getIcon": "Lnet/minecraft/class_1644;method_5896()Ljava/awt/image/BufferedImage;"
    },
    "me/hankung/legacyenhance/mixin/duplicatedsounds/SoundSystemMixin": {
      "Lnet/minecraft/client/sound/SoundSystem$ThreadSafeSoundSystem;pause(Ljava/lang/String;)V": "Lnet/minecraft/class_622$class_1907;pause(Ljava/lang/String;)V",
      "pauseAll": "Lnet/minecraft/class_622;method_7110()V",
      "resumeAll": "Lnet/minecraft/class_622;method_7111()V"
    },
    "me/hankung/legacyenhance/mixin/enableblending/SkullBlockEntityRendererMixin": {
      "Lnet/minecraft/client/render/entity/model/EntityModel;render(Lnet/minecraft/entity/Entity;FFFFFF)V": "Lnet/minecraft/class_444;method_1176(Lnet/minecraft/class_864;FFFFFF)V",
      "render(FFFLnet/minecraft/util/math/Direction;FILcom/mojang/authlib/GameProfile;I)V": "Lnet/minecraft/class_1359;method_10108(FFFLnet/minecraft/class_1354;FILcom/mojang/authlib/GameProfile;I)V"
    },
    "me/hankung/legacyenhance/mixin/enablelighting/BlockEntityRenderDispatcherMixin": {
      "Lnet/minecraft/world/World;getLight(Lnet/minecraft/util/math/BlockPos;I)I": "Lnet/minecraft/class_1150;method_8578(Lnet/minecraft/class_2552;I)I",
      "renderEntity": "Lnet/minecraft/class_598;method_10101(Lnet/minecraft/class_226;FI)V"
    },
    "me/hankung/legacyenhance/mixin/entityculling/BlockEntityRenderDispatcherMixin": {
      "renderEntity(Lnet/minecraft/block/entity/BlockEntity;DDDFI)V": "Lnet/minecraft/class_598;method_10100(Lnet/minecraft/class_226;DDDFI)V"
    },
    "me/hankung/legacyenhance/mixin/entityculling/DebugHudMixin": {
      "getLeftText": "Lnet/minecraft/class_2294;method_9450()Ljava/util/List;"
    },
    "me/hankung/legacyenhance/mixin/entityculling/EntityRenderDispatcherMixin": {
      "method_6913": "Lnet/minecraft/class_550;method_6913(Lnet/minecraft/class_864;DDDFFZ)Z"
    },
    "me/hankung/legacyenhance/mixin/fastersearching/ResourcePackLoaderAccessor": {
      "availableResourcePacks": "field_6621:Ljava/util/List;",
      "getResourcePacks": "method_5909()Ljava/util/List;"
    },
    "me/hankung/legacyenhance/mixin/fastersearching/ResourcePackLoaderMixin": {
      "initResourcePacks": "Lnet/minecraft/class_1657;method_5902()V"
    },
    "me/hankung/legacyenhance/mixin/fastworldswapping/LoadingScreenRendererMixin": {
      "setProgressPercentage": "Lnet/minecraft/class_351;method_2364(I)V"
    },
    "me/hankung/legacyenhance/mixin/fastworldswapping/MinecraftClientMixin": {
      "connect(Lnet/minecraft/client/world/ClientWorld;Ljava/lang/String;)V": "Lnet/minecraft/class_1600;method_2930(Lnet/minecraft/class_478;Ljava/lang/String;)V"
    },
    "me/hankung/legacyenhance/mixin/fluidstitching/FluidRendererMixin": {
      "render": "Lnet/minecraft/class_2431;method_9956(Lnet/minecraft/class_1158;Lnet/minecraft/class_2232;Lnet/minecraft/class_2552;Lnet/minecraft/class_520;)Z"
    },
    "me/hankung/legacyenhance/mixin/fontstatereset/TextRendererMixin": {
      "Lnet/minecraft/client/font/TextRenderer;drawLayer(Ljava/lang/String;FFIZ)I": "Lnet/minecraft/class_370;method_957(Ljava/lang/String;FFIZ)I",
      "draw(Ljava/lang/String;FFIZ)I": "Lnet/minecraft/class_370;method_9417(Ljava/lang/String;FFIZ)I"
    },
    "me/hankung/legacyenhance/mixin/foreignkeyboards/MinecraftClientMixin": {
      "handleKeyInput": "Lnet/minecraft/class_1600;method_6639()V"
    },
    "me/hankung/legacyenhance/mixin/fullbright/ChunkMixin": {
      "getLightAtPos": "Lnet/minecraft/class_1196;method_9132(Lnet/minecraft/class_1161;Lnet/minecraft/class_2552;)I",
      "getLightLevel": "Lnet/minecraft/class_1196;method_9134(Lnet/minecraft/class_2552;I)I"
    },
    "me/hankung/legacyenhance/mixin/fullbright/WorldMixin": {
      "getLightAtPos": "Lnet/minecraft/class_1150;method_8529(Lnet/minecraft/class_1161;Lnet/minecraft/class_2552;)I",
      "getLightLevel(Lnet/minecraft/util/math/BlockPos;)I": "Lnet/minecraft/class_1150;method_8557(Lnet/minecraft/class_2552;)I",
      "getLightLevel(Lnet/minecraft/util/math/BlockPos;Z)I": "Lnet/minecraft/class_1150;method_8543(Lnet/minecraft/class_2552;Z)I",
      "getLightLevelWithCheck": "Lnet/minecraft/class_1150;method_8558(Lnet/minecraft/class_2552;)I",
      "getLuminance": "Lnet/minecraft/class_1150;method_8490(Lnet/minecraft/class_1161;Lnet/minecraft/class_2552;)I",
      "method_8539": "Lnet/minecraft/class_1150;method_8539(Lnet/minecraft/class_1161;Lnet/minecraft/class_2552;)Z"
    },
    "me/hankung/legacyenhance/mixin/glerrorchecking/MinecraftClientMixin": {
      "initializeGame": "Lnet/minecraft/class_1600;method_2921()V"
    },
    "me/hankung/legacyenhance/mixin/hexcolortooltip/ItemStackMixin": {
      "getTooltip": "Lnet/minecraft/class_1071;method_4620(Lnet/minecraft/class_988;Z)Ljava/util/List;"
    },
    "me/hankung/legacyenhance/mixin/hitdelayfix/MinecraftClientMixin": {
      "doAttack": "Lnet/minecraft/class_1600;method_6644()V"
    },
    "me/hankung/legacyenhance/mixin/ingamemultiplayer/GameMenuScreenMixin": {
      "buttonClicked": "Lnet/minecraft/class_385;method_1027(Lnet/minecraft/class_356;)V",
      "init": "Lnet/minecraft/class_385;method_1044()V"
    },
    "me/hankung/legacyenhance/mixin/ingamemultiplayer/MultiplayerScreenMixin": {
      "connect(Lnet/minecraft/client/network/ServerInfo;)V": "Lnet/minecraft/class_376;method_1003(Lnet/minecraft/class_485;)V"
    },
    "me/hankung/legacyenhance/mixin/instantdimensionswapping/ClientPlayNetworkHandlerMixin": {
      "Lnet/minecraft/client/MinecraftClient;setScreen(Lnet/minecraft/client/gui/screen/Screen;)V": "Lnet/minecraft/class_1600;method_2928(Lnet/minecraft/class_388;)V",
      "onGameJoin": "Lnet/minecraft/class_1845;method_7580(Lnet/minecraft/class_2025;)V",
      "onPlayerRespawn": "Lnet/minecraft/class_1845;method_7589(Lnet/minecraft/class_2036;)V"
    },
    "me/hankung/legacyenhance/mixin/legacyenhance/GameMenuScreenMixin": {
      "buttonClicked": "Lnet/minecraft/class_385;method_1027(Lnet/minecraft/class_356;)V",
      "init": "Lnet/minecraft/class_385;method_1044()V"
    },
    "me/hankung/legacyenhance/mixin/legacyenhance/TitleScreenMixin": {
      "Lnet/minecraft/client/gui/screen/TitleScreen;drawWithShadow(Lnet/minecraft/client/font/TextRenderer;Ljava/lang/String;III)V": "Lnet/minecraft/class_624;method_993(Lnet/minecraft/class_370;Ljava/lang/String;III)V",
      "render": "Lnet/minecraft/class_624;method_1025(IIF)V"
    },
    "me/hankung/legacyenhance/mixin/limitscan/ChunkOcclusionDataBuilderMixin": {
      "Lnet/minecraft/client/render/chunk/ChunkOcclusionDataBuilder;addEdgeFaces(ILjava/util/Set;)V": "Lnet/minecraft/class_2484;method_10180(ILjava/util/Set;)V",
      "getOpenFaces(I)Ljava/util/Set;": "Lnet/minecraft/class_2484;method_10177(I)Ljava/util/Set;"
    },
    "me/hankung/legacyenhance/mixin/limitscan/WorldRendererMixin": {
      "getOpenChunkFaces": "Lnet/minecraft/class_530;method_9914(Lnet/minecraft/class_2552;)Ljava/util/Set;"
    },
    "me/hankung/legacyenhance/mixin/logspamfix/NetworkThreadUtilsMixin": {
      "Lnet/minecraft/network/Packet;apply(Lnet/minecraft/network/listener/PacketListener;)V": "Lnet/minecraft/class_700;method_1831(Lnet/minecraft/class_701;)V",
      "net.minecraft.network.NetworkThreadUtils$1": "net/minecraft/class_2570$1",
      "run": "Lnet/minecraft/class_2570$1;run()V"
    },
    "me/hankung/legacyenhance/mixin/logspamfix/ScoreboardMixin": {
      "addTeam": "Lnet/minecraft/class_1471;method_4900(Ljava/lang/String;)Lnet/minecraft/class_1468;",
      "removeObjective": "Lnet/minecraft/class_1471;method_4906(Lnet/minecraft/class_1467;)V",
      "removePlayerFromTeam": "Lnet/minecraft/class_1471;method_4889(Ljava/lang/String;Lnet/minecraft/class_1468;)V",
      "removeTeam": "Lnet/minecraft/class_1471;method_4895(Lnet/minecraft/class_1468;)V"
    },
    "me/hankung/legacyenhance/mixin/logspamfix/SoundSystemMixin": {
      "play": "Lnet/minecraft/class_622;method_7108(Lnet/minecraft/class_1900;)V"
    },
    "me/hankung/legacyenhance/mixin/lowanimationtick/ClientWorldMixin": {
      "spawnRandomParticles": "Lnet/minecraft/class_478;method_1248(III)V"
    },
    "me/hankung/legacyenhance/mixin/memoryissue/MinecraftClientMixin": {
      "connect(Lnet/minecraft/client/world/ClientWorld;Ljava/lang/String;)V": "Lnet/minecraft/class_1600;method_2930(Lnet/minecraft/class_478;Ljava/lang/String;)V"
    },
    "me/hankung/legacyenhance/mixin/memoryleak/CustomPayloadC2SPacketMixin": {
      "apply(Lnet/minecraft/network/listener/ServerPlayPacketListener;)V": "Lnet/minecraft/class_663;method_7979(Lnet/minecraft/class_2050;)V"
    },
    "me/hankung/legacyenhance/mixin/memoryleak/CustomPayloadS2CPacketMixin": {
      "apply(Lnet/minecraft/network/listener/ClientPlayPacketListener;)V": "Lnet/minecraft/class_2015;method_7732(Lnet/minecraft/class_1993;)V"
    },
    "me/hankung/legacyenhance/mixin/memoryleak/MinecraftServerMixin": {
      "Lnet/minecraft/server/ServerMetadata;setFavicon(Ljava/lang/String;)V": "Lnet/minecraft/class_2081;method_8071(Ljava/lang/String;)V",
      "setServerMeta": "Lnet/minecraft/server/MinecraftServer;method_8154(Lnet/minecraft/class_2081;)V"
    },
    "me/hankung/legacyenhance/mixin/memoryleak/PathNodeMakerMixin": {
      "clear": "Lnet/minecraft/class_2284;method_9283()V"
    },
    "me/hankung/legacyenhance/mixin/mipmapsliderfix/GameOptionsMixin": {
      "Lnet/minecraft/client/MinecraftClient;reloadResourcesConcurrently()Lcom/google/common/util/concurrent/ListenableFuture;": "Lnet/minecraft/class_1600;method_9379()Lcom/google/common/util/concurrent/ListenableFuture;",
      "setValue": "Lnet/minecraft/class_347;method_869(Lnet/minecraft/class_347$class_350;F)V"
    },
    "me/hankung/legacyenhance/mixin/modelfix/PlayerEntityModelMixin": {
      "<init>": "Lnet/minecraft/class_2344;<init>(FZ)V"
    },
    "me/hankung/legacyenhance/mixin/modelfix/VillagerEntityModelMixin": {
      "<init>(FFII)V": "Lnet/minecraft/class_461;<init>(FFII)V"
    },
    "me/hankung/legacyenhance/mixin/mousebindfix/HandledScreenMixin": {
      "mouseClicked": "Lnet/minecraft/class_409;method_1026(III)V"
    },
    "me/hankung/legacyenhance/mixin/mousedelayfix/LivingEntityMixin": {
      "getRotationVector": "Lnet/minecraft/class_1699;method_6146(F)Lnet/minecraft/class_236;"
    },
    "me/hankung/legacyenhance/mixin/nbtdatacache/NbtStringMixin": {
      "read": "Lnet/minecraft/class_579;method_1649(Ljava/io/DataInput;ILnet/minecraft/class_1944;)V"
    },
    "me/hankung/legacyenhance/mixin/noachievement/AchievementNotificationMixin": {
      "tick": "Lnet/minecraft/class_399;method_1091()V"
    },
    "me/hankung/legacyenhance/mixin/oldanimation/ArmorFeatureRendererMixin": {
      "combineTextures": "Lnet/minecraft/class_2494;method_10296()Z"
    },
    "me/hankung/legacyenhance/mixin/oldanimation/BiPedModelMixin": {
      "setAngles": "Lnet/minecraft/class_440;method_1173(FFFFFFLnet/minecraft/class_864;)V"
    },
    "me/hankung/legacyenhance/mixin/oldanimation/EntityRenderDispatcherMixin": {
      "Lnet/minecraft/client/render/Tessellator;draw()V": "Lnet/minecraft/class_533;method_9927()V",
      "Lnet/minecraft/client/render/WorldRenderer;drawBox(Lnet/minecraft/util/math/Box;IIII)V": "Lnet/minecraft/class_530;method_9896(Lnet/minecraft/class_231;IIII)V",
      "renderHitbox": "Lnet/minecraft/class_550;method_4328(Lnet/minecraft/class_864;DDDFF)V"
    },
    "me/hankung/legacyenhance/mixin/oldanimation/FishingBobberEntityRendererMixin": {
      "net/minecraft/util/math/Vec3d": "net/minecraft/class_236",
      "render": "Lnet/minecraft/class_556;method_1539(Lnet/minecraft/class_993;DDDFF)V"
    },
    "me/hankung/legacyenhance/mixin/oldanimation/FoodItemAccessor": {
      "alwaysEdible": "field_4201:Z"
    },
    "me/hankung/legacyenhance/mixin/oldanimation/GameRendererMixin": {
      "Lnet/minecraft/entity/Entity;getEyeHeight()F": "Lnet/minecraft/class_864;method_2544()F",
      "renderDebugCrosshair": "Lnet/minecraft/class_524;method_9782(F)V",
      "transformCamera": "Lnet/minecraft/class_524;method_1340(F)V"
    },
    "me/hankung/legacyenhance/mixin/oldanimation/HeldItemRendererMixin": {
      "Lnet/minecraft/util/math/MathHelper;clamp(FFF)F": "Lnet/minecraft/class_837;method_2336(FFF)F",
      "renderArmHoldingItem": "Lnet/minecraft/class_529;method_1354(F)V",
      "updateHeldItems": "Lnet/minecraft/class_529;method_1353()V"
    },
    "me/hankung/legacyenhance/mixin/oldanimation/ItemRendererMixin": {
      "Lnet/minecraft/client/render/item/ItemRenderer;renderItem(Lnet/minecraft/item/ItemStack;Lnet/minecraft/client/render/model/BakedModel;)V": "Lnet/minecraft/class_560;method_10243(Lnet/minecraft/class_1071;Lnet/minecraft/class_2528;)V",
      "renderItem(Lnet/minecraft/item/ItemStack;Lnet/minecraft/client/render/model/BakedModel;Lnet/minecraft/client/render/model/json/ModelTransformation$Mode;)V": "Lnet/minecraft/class_560;method_10244(Lnet/minecraft/class_1071;Lnet/minecraft/class_2528;Lnet/minecraft/class_2462$class_2464;)V",
      "renderItem(Lnet/minecraft/item/ItemStack;Lnet/minecraft/entity/LivingEntity;Lnet/minecraft/client/render/model/json/ModelTransformation$Mode;)V": "Lnet/minecraft/class_560;method_10245(Lnet/minecraft/class_1071;Lnet/minecraft/class_1699;Lnet/minecraft/class_2462$class_2464;)V"
    },
    "me/hankung/legacyenhance/mixin/oldanimation/MinecraftClientMixin": {
      "doUse": "Lnet/minecraft/class_1600;method_6645()V"
    },
    "me/hankung/legacyenhance/mixin/oldanimation/PlayerListHudMixin": {
      "render": "Lnet/minecraft/class_2308;method_9521(ILnet/minecraft/class_1471;Lnet/minecraft/class_1467;)V"
    },
    "me/hankung/legacyenhance/mixin/openpackfolderfix/ResourcePackScreenMixin": {
      "buttonClicked": "Lnet/minecraft/class_617;method_1027(Lnet/minecraft/class_356;)V"
    },
    "me/hankung/legacyenhance/mixin/optifinefix/ChunkRenderCacheMixin": {
      "Lnet/minecraft/client/world/ChunkRenderCache;field_10664:[Lnet/minecraft/block/BlockState;": "Lnet/minecraft/class_2396;field_10664:[Lnet/minecraft/class_2232;",
      "getBlockState": "Lnet/minecraft/class_2396;method_8580(Lnet/minecraft/class_2552;)Lnet/minecraft/class_2232;"
    },
    "me/hankung/legacyenhance/mixin/optimization/ChunkMixin": {
      "Lnet/minecraft/world/chunk/Chunk;method_3917(III)V": "Lnet/minecraft/class_1196;method_3917(III)V",
      "getBlockState": "Lnet/minecraft/class_1196;method_9137(Lnet/minecraft/class_2552;Lnet/minecraft/class_2232;)Lnet/minecraft/class_2232;"
    },
    "me/hankung/legacyenhance/mixin/optimization/GameRuleManagerMixin": {
      "net.minecraft.world.GameRuleManager$Value": "net/minecraft/class_1439$class_1440",
      "setDefaultValue(Ljava/lang/String;)V": "Lnet/minecraft/class_1439$class_1440;method_4676(Ljava/lang/String;)V"
    },
    "me/hankung/legacyenhance/mixin/optimization/WorldMixin": {
      "Lnet/minecraft/world/World;getEntitiesIn(Lnet/minecraft/entity/Entity;Lnet/minecraft/util/math/Box;)Ljava/util/List;": "Lnet/minecraft/class_1150;method_3665(Lnet/minecraft/class_864;Lnet/minecraft/class_231;)Ljava/util/List;",
      "doesBoxCollide": "Lnet/minecraft/class_1150;method_3633(Lnet/minecraft/class_864;Lnet/minecraft/class_231;)Ljava/util/List;"
    },
    "me/hankung/legacyenhance/mixin/packetspam/SoundsScreenMixin": {
      "Lnet/minecraft/client/option/GameOptions;save()V": "Lnet/minecraft/class_347;method_873()V",
      "Lnet/minecraft/client/sound/SoundManager;play(Lnet/minecraft/client/sound/SoundInstance;)V": "Lnet/minecraft/class_1909;method_7121(Lnet/minecraft/class_1900;)V",
      "mouseDragged(Lnet/minecraft/client/MinecraftClient;II)V": "Lnet/minecraft/class_1815$class_1816;method_893(Lnet/minecraft/class_1600;II)V",
      "mouseReleased(II)V": "Lnet/minecraft/class_1815$class_1816;method_890(II)V",
      "net.minecraft.client.gui.screen.SoundsScreen$SoundButtonWidget": "net/minecraft/class_1815$class_1816"
    },
    "me/hankung/legacyenhance/mixin/particleculling/ParticleManagerMixin": {
      "Lnet/minecraft/client/particle/Particle;draw(Lnet/minecraft/client/render/BufferBuilder;Lnet/minecraft/entity/Entity;FFFFFF)V": "Lnet/minecraft/class_502;method_1283(Lnet/minecraft/class_520;Lnet/minecraft/class_864;FFFFFF)V",
      "Lnet/minecraft/client/particle/ParticleManager;tickParticle(Lnet/minecraft/client/particle/Particle;)V": "Lnet/minecraft/class_503;method_9711(Lnet/minecraft/class_502;)V",
      "renderParticles": "Lnet/minecraft/class_503;method_1296(Lnet/minecraft/class_864;F)V",
      "updateLayer(Ljava/util/List;)V": "Lnet/minecraft/class_503;method_9706(Ljava/util/List;)V"
    },
    "me/hankung/legacyenhance/mixin/resolvebuttonclick/DeathScreenMixin": {
      "init": "Lnet/minecraft/class_364;method_1044()V"
    },
    "me/hankung/legacyenhance/mixin/resolvecrash/BufferBuilderMixin": {
      "end": "Lnet/minecraft/class_520;method_9752()V",
      "next": "Lnet/minecraft/class_520;method_9750()V"
    },
    "me/hankung/legacyenhance/mixin/resolvecrash/ItemModelsMixin": {
      "Lnet/minecraft/item/ItemStack;getItem()Lnet/minecraft/item/Item;": "Lnet/minecraft/class_1071;method_3421()Lnet/minecraft/class_1069;",
      "getModel(Lnet/minecraft/item/ItemStack;)Lnet/minecraft/client/render/model/BakedModel;": "Lnet/minecraft/class_2422;method_9884(Lnet/minecraft/class_1071;)Lnet/minecraft/class_2528;"
    },
    "me/hankung/legacyenhance/mixin/resolvecrash/LivingEntityMixin": {
      "Lnet/minecraft/entity/effect/StatusEffectInstance;method_6093(Lnet/minecraft/entity/LivingEntity;)Z": "Lnet/minecraft/class_861;method_6093(Lnet/minecraft/class_1699;)Z",
      "tickStatusEffects": "Lnet/minecraft/class_1699;method_6118()V"
    },
    "me/hankung/legacyenhance/mixin/resolvecrash/MultiplayerServerListWidgetMixin": {
      "Lnet/minecraft/client/gui/screen/multiplayer/MultiplayerServerListWidget;lanServers:Ljava/util/List;": "Lnet/minecraft/class_1827;field_7842:Ljava/util/List;",
      "getEntry": "Lnet/minecraft/class_1827;method_6697(I)Lnet/minecraft/class_1802$class_1803;"
    },
    "me/hankung/legacyenhance/mixin/resolvecrash/NbtCompoundMixin": {
      "put": "Lnet/minecraft/class_322;method_814(Ljava/lang/String;Lnet/minecraft/class_605;)V"
    },
    "me/hankung/legacyenhance/mixin/resolvecrash/ResourcePackLoaderMixin": {
      "deleteOldServerPack": "Lnet/minecraft/class_1657;method_10368()V"
    },
    "me/hankung/legacyenhance/mixin/resolvecrash/ServerEntryMixin": {
      "Lnet/minecraft/client/gui/widget/ServerEntry;checkServerIcon()V": "Lnet/minecraft/class_1825;method_6789()V",
      "render": "Lnet/minecraft/class_1825;method_6700(IIIIIIIZ)V"
    },
    "me/hankung/legacyenhance/mixin/resolvelockups/VertexBufferMixin": {
      "Lnet/minecraft/client/render/VertexBuffer;bind()V": "Lnet/minecraft/class_2521;method_10327()V",
      "data": "Lnet/minecraft/class_2521;method_10329(Ljava/nio/ByteBuffer;)V"
    },
    "me/hankung/legacyenhance/mixin/resolverenderlayer/BookEditScreenMixin": {
      "Lnet/minecraft/client/gui/screen/ingame/BookEditScreen;renderTextHoverEffect(Lnet/minecraft/text/Text;II)V": "Lnet/minecraft/class_410;method_9579(Lnet/minecraft/class_1982;II)V",
      "render": "Lnet/minecraft/class_410;method_1025(IIF)V"
    },
    "me/hankung/legacyenhance/mixin/resourceexploitfix/ClientPlayNetworkHandlerMixin": {
      "onResourcePackSend": "Lnet/minecraft/class_1845;method_10634(Lnet/minecraft/class_2580;)V"
    },
    "me/hankung/legacyenhance/mixin/scoreboardtextfix/InGameHudMixin": {
      "renderScoreboardObjective": "Lnet/minecraft/class_371;method_9423(Lnet/minecraft/class_1467;Lnet/minecraft/class_389;)V"
    },
    "me/hankung/legacyenhance/mixin/screenstatefix/MinecraftClientMixin": {
      "toggleFullscreen": "Lnet/minecraft/class_1600;method_2953()V"
    },
    "me/hankung/legacyenhance/mixin/signchatspam/ClientPlayNetworkHandlerMixin": {
      "Lnet/minecraft/entity/player/ClientPlayerEntity;sendMessage(Lnet/minecraft/text/Text;)V": "Lnet/minecraft/class_518;method_5505(Lnet/minecraft/class_1982;)V",
      "onUpdateSign": "Lnet/minecraft/class_1845;method_7604(Lnet/minecraft/class_2046;)V"
    },
    "me/hankung/legacyenhance/mixin/skiptwitch/GameRendererMixin": {
      "renderStreamIndicator": "Lnet/minecraft/class_524;method_6882(F)V"
    },
    "me/hankung/legacyenhance/mixin/skiptwitch/MinecraftClientMixin": {
      "Lnet/minecraft/client/util/TwitchStreamProvider;submit()V": "Lnet/minecraft/class_1931;method_7254()V",
      "Lnet/minecraft/client/util/TwitchStreamProvider;update()V": "Lnet/minecraft/class_1931;method_7253()V",
      "runGameLoop": "Lnet/minecraft/class_1600;method_2916()V"
    },
    "me/hankung/legacyenhance/mixin/splitremnantsfix/HandledScreenMixin": {
      "Lnet/minecraft/item/ItemStack;copy()Lnet/minecraft/item/ItemStack;": "Lnet/minecraft/class_1071;method_3442()Lnet/minecraft/class_1071;",
      "calculateOffset": "Lnet/minecraft/class_409;method_4947()V"
    },
    "me/hankung/legacyenhance/mixin/sprintparticlefix/EntityMixin": {
      "attemptSprintingParticles": "Lnet/minecraft/class_864;method_10929()V"
    },
    "me/hankung/legacyenhance/mixin/staticparticlecolor/ParticleMixin": {
      "Lnet/minecraft/client/particle/Particle;getLightmapCoordinates(F)I": "Lnet/minecraft/class_502;method_2524(F)I",
      "draw": "Lnet/minecraft/class_502;method_1283(Lnet/minecraft/class_520;Lnet/minecraft/class_864;FFFFFF)V"
    },
    "me/hankung/legacyenhance/mixin/unclosedstream/ThreadedAnvilChunkStorageMixin": {
      "Lnet/minecraft/nbt/NbtIo;read(Ljava/io/DataInputStream;)Lnet/minecraft/nbt/NbtCompound;": "Lnet/minecraft/class_528;method_7363(Ljava/io/DataInputStream;)Lnet/minecraft/class_322;",
      "loadChunk": "Lnet/minecraft/class_1205;method_3951(Lnet/minecraft/class_1150;II)Lnet/minecraft/class_1196;"
    },
    "me/hankung/legacyenhance/mixin/uselessanimations/OtherClientPlayerEntityMixin": {
      "Lnet/minecraft/entity/player/OtherClientPlayerEntity;tickHandSwing()V": "Lnet/minecraft/class_519;method_6127()V",
      "tickMovement": "Lnet/minecraft/class_519;method_2651()V"
    },
    "me/hankung/legacyenhance/mixin/windowsimefix/ScreenMixin": {
      "handleKeyboard": "Lnet/minecraft/class_388;method_6755()V"
    }
  },
  "data": {
    "named:intermediary": {
      "me/hankung/legacyenhance/mixin/adjustheightfix/ExperienceOrbEntityMixin": {
        "Lnet/minecraft/entity/player/PlayerEntity;getEyeHeight()F": "Lnet/minecraft/class_988;method_2544()F",
        "tick": "Lnet/minecraft/class_869;method_2558()V"
      },
      "me/hankung/legacyenhance/mixin/armorbreakingsound/ScreenHandlerMixin": {
        "setStackInSlot": "Lnet/minecraft/class_1002;method_3253(ILnet/minecraft/class_1071;)V"
      },
      "me/hankung/legacyenhance/mixin/armpositionfix/PlayerEntityRendererMixin": {
        "Lnet/minecraft/client/render/entity/model/PlayerEntityModel;sneaking:Z": "Lnet/minecraft/class_2344;field_1484:Z",
        "renderRightArm": "Lnet/minecraft/class_570;method_10305(Lnet/minecraft/class_1631;)V"
      },
      "me/hankung/legacyenhance/mixin/banneranimationfix/BannerBlockEntityRendererMixin": {
        "Lnet/minecraft/world/World;getLastUpdateTime()J": "Lnet/minecraft/class_1150;method_4678()J",
        "render(Lnet/minecraft/block/entity/BannerBlockEntity;DDDFI)V": "Lnet/minecraft/class_2471;method_10098(Lnet/minecraft/class_2225;DDDFI)V"
      },
      "me/hankung/legacyenhance/mixin/batchdrawing/BufferBuilderAccessor": {
        "building": "field_1776:Z"
      },
      "me/hankung/legacyenhance/mixin/batchdrawing/ModelPartMixin": {
        "Lnet/minecraft/client/render/Tessellator;getBuffer()Lnet/minecraft/client/render/BufferBuilder;": "Lnet/minecraft/class_533;method_9928()Lnet/minecraft/class_520;",
        "compileList": "Lnet/minecraft/class_467;method_1196(F)V",
        "render": "Lnet/minecraft/class_467;method_1186(F)V"
      },
      "me/hankung/legacyenhance/mixin/batchdrawing/TexturedQuadMixin": {
        "Lnet/minecraft/client/render/BufferBuilder;begin(ILnet/minecraft/client/render/VertexFormat;)V": "Lnet/minecraft/class_520;method_9737(ILnet/minecraft/class_2522;)V",
        "Lnet/minecraft/client/render/Tessellator;draw()V": "Lnet/minecraft/class_533;method_9927()V",
        "draw": "Lnet/minecraft/class_447;method_9644(Lnet/minecraft/class_520;F)V"
      },
      "me/hankung/legacyenhance/mixin/betterchat/ChatHudMixin": {
        "Lcom/mojang/blaze3d/platform/GlStateManager;pushMatrix()V": "Lnet/minecraft/class_2403;method_9791()V",
        "Lnet/minecraft/client/font/TextRenderer;drawWithShadow(Ljava/lang/String;FFI)I": "Lnet/minecraft/class_370;method_956(Ljava/lang/String;FFI)I",
        "Lnet/minecraft/client/gui/hud/ChatHud;scrolledLines:I": "Lnet/minecraft/class_357;field_1060:I",
        "Lnet/minecraft/client/gui/hud/ChatHudLine;getId()I": "Lnet/minecraft/class_326;method_836()I",
        "addMessage(Lnet/minecraft/text/Text;I)V": "Lnet/minecraft/class_357;method_6691(Lnet/minecraft/class_1982;I)V",
        "addMessage(Lnet/minecraft/text/Text;IIZ)V": "Lnet/minecraft/class_357;method_6692(Lnet/minecraft/class_1982;IIZ)V",
        "getTextAt": "Lnet/minecraft/class_357;method_897(II)Lnet/minecraft/class_1982;",
        "net/minecraft/client/gui/hud/ChatHud.fill(IIIII)V": "Lnet/minecraft/class_357;method_988(IIIII)V",
        "removeMessage": "Lnet/minecraft/class_357;method_905(I)V",
        "render": "Lnet/minecraft/class_357;method_896(I)V"
      },
      "me/hankung/legacyenhance/mixin/betterchat/ChatMessageC2SPacketMixin": {
        "<init>(Ljava/lang/String;)V": "Lnet/minecraft/class_2053;<init>(Ljava/lang/String;)V",
        "read": "Lnet/minecraft/class_2053;method_7535(Lnet/minecraft/class_1967;)V"
      },
      "me/hankung/legacyenhance/mixin/betterchat/ChatScreenMixin": {
        "init": "Lnet/minecraft/class_359;method_1044()V"
      },
      "me/hankung/legacyenhance/mixin/betterchat/CloseScreenS2CPacketMixin": {
        "apply(Lnet/minecraft/network/listener/ClientPlayPacketListener;)V": "Lnet/minecraft/class_2010;method_7713(Lnet/minecraft/class_1993;)V"
      },
      "me/hankung/legacyenhance/mixin/betterchat/MinecraftClientMixin": {
        "Lnet/minecraft/client/gui/hud/ChatHud;clear()V": "Lnet/minecraft/class_357;method_895()V",
        "setScreen": "Lnet/minecraft/class_1600;method_2928(Lnet/minecraft/class_388;)V"
      },
      "me/hankung/legacyenhance/mixin/betterkeybind/KeyBindingAccessor": {
        "KEYS": "field_904:Ljava/util/List;"
      },
      "me/hankung/legacyenhance/mixin/betterkeybind/MinecraftClientMixin": {
        "Lnet/minecraft/client/MouseInput;lockMouse()V": "Lnet/minecraft/class_345;method_861()V",
        "closeScreen": "Lnet/minecraft/class_1600;method_2950()V"
      },
      "me/hankung/legacyenhance/mixin/betterroman/EnchantmentMixin": {
        "getTranslatedName": "Lnet/minecraft/class_1127;method_3516(I)Ljava/lang/String;"
      },
      "me/hankung/legacyenhance/mixin/betterroman/InventoryScreenMixin": {
        "Lnet/minecraft/client/resource/language/I18n;translate(Ljava/lang/String;[Ljava/lang/Object;)Ljava/lang/String;": "Lnet/minecraft/class_1664;method_5934(Ljava/lang/String;[Ljava/lang/Object;)Ljava/lang/String;",
        "Lnet/minecraft/entity/effect/StatusEffectInstance;getAmplifier()I": "Lnet/minecraft/class_861;method_2455()I",
        "drawStatusEffects": "Lnet/minecraft/class_418;method_1155()V"
      },
      "me/hankung/legacyenhance/mixin/bettersmoothlighting/BlockModelRendererMixin": {
        "Lnet/minecraft/block/Block;isTransluscent()Z": "Lnet/minecraft/class_197;method_6453()Z",
        "apply(Lnet/minecraft/world/BlockView;Lnet/minecraft/block/Block;Lnet/minecraft/util/math/BlockPos;Lnet/minecraft/util/math/Direction;[FLjava/util/BitSet;)V": "Lnet/minecraft/class_2432$class_2434;method_9971(Lnet/minecraft/class_1158;Lnet/minecraft/class_197;Lnet/minecraft/class_2552;Lnet/minecraft/class_1354;[FLjava/util/BitSet;)V",
        "net.minecraft.client.render.block.BlockModelRenderer$AmbientOcclusionCalculator": "net/minecraft/class_2432$class_2434"
      },
      "me/hankung/legacyenhance/mixin/brightnessfix/EntityMixin": {
        "Lnet/minecraft/world/World;blockExists(Lnet/minecraft/util/math/BlockPos;)Z": "Lnet/minecraft/class_1150;method_8548(Lnet/minecraft/class_2552;)Z",
        "getLightmapCoordinates": "Lnet/minecraft/class_864;method_2524(F)I"
      },
      "me/hankung/legacyenhance/mixin/brightnessfix/StuckArrowsFeatureRendererMixin": {
        "Lnet/minecraft/client/render/DiffuseLighting;disable()V": "Lnet/minecraft/class_328;method_843()V",
        "Lnet/minecraft/client/render/DiffuseLighting;enableNormally()V": "Lnet/minecraft/class_328;method_846()V",
        "render": "Lnet/minecraft/class_2495;method_10295(Lnet/minecraft/class_1699;FFFFFFF)V"
      },
      "me/hankung/legacyenhance/mixin/cachedisplayname/EntityMixin": {
        "Lnet/minecraft/entity/Entity;getHoverEvent()Lnet/minecraft/text/HoverEvent;": "Lnet/minecraft/class_864;method_10944()Lnet/minecraft/class_1984;",
        "Lnet/minecraft/text/Style;setHoverEvent(Lnet/minecraft/text/HoverEvent;)Lnet/minecraft/text/Style;": "Lnet/minecraft/class_1986;method_7488(Lnet/minecraft/class_1984;)Lnet/minecraft/class_1986;",
        "getName": "Lnet/minecraft/class_864;method_6344()Lnet/minecraft/class_1982;"
      },
      "me/hankung/legacyenhance/mixin/cachedisplayname/ItemStackMixin": {
        "getCustomName": "Lnet/minecraft/class_1071;method_4623()Ljava/lang/String;",
        "setCustomName": "Lnet/minecraft/class_1071;method_6373(Ljava/lang/String;)Lnet/minecraft/class_1071;"
      },
      "me/hankung/legacyenhance/mixin/cachedisplayname/PlayerEntityMixin": {
        "Lnet/minecraft/entity/player/PlayerEntity;getHoverEvent()Lnet/minecraft/text/HoverEvent;": "Lnet/minecraft/class_988;method_10944()Lnet/minecraft/class_1984;",
        "Lnet/minecraft/text/Style;setHoverEvent(Lnet/minecraft/text/HoverEvent;)Lnet/minecraft/text/Style;": "Lnet/minecraft/class_1986;method_7488(Lnet/minecraft/class_1984;)Lnet/minecraft/class_1986;",
        "getName": "Lnet/minecraft/class_988;method_6344()Lnet/minecraft/class_1982;"
      },
      "me/hankung/legacyenhance/mixin/cancellightmap/GameRendererMixin": {
        "Lnet/minecraft/util/profiler/Profiler;pop()V": "Lnet/minecraft/class_839;method_2357()V",
        "updateLightmap": "Lnet/minecraft/class_524;method_4302(F)V"
      },
      "me/hankung/legacyenhance/mixin/casecommands/CommandRegistryMixin": {
        "Lnet/minecraft/command/AbstractCommand;method_2883(Ljava/lang/String;Ljava/lang/String;)Z": "Lnet/minecraft/class_955;method_2883(Ljava/lang/String;Ljava/lang/String;)Z",
        "execute": "Lnet/minecraft/class_981;method_3310(Lnet/minecraft/class_1061;Ljava/lang/String;)I",
        "getCompletions": "Lnet/minecraft/class_981;method_10746(Lnet/minecraft/class_1061;Ljava/lang/String;Lnet/minecraft/class_2552;)Ljava/util/List;",
        "registerCommand": "Lnet/minecraft/class_981;method_3103(Lnet/minecraft/class_1007;)Lnet/minecraft/class_1007;"
      },
      "me/hankung/legacyenhance/mixin/cleanview/LivingEntityMixin": {
        "Lnet/minecraft/world/World;addParticle(Lnet/minecraft/client/particle/ParticleType;DDDDDD[I)V": "Lnet/minecraft/class_1150;method_8511(Lnet/minecraft/class_2562;DDDDDD[I)V",
        "tickStatusEffects": "Lnet/minecraft/class_1699;method_6118()V"
      },
      "me/hankung/legacyenhance/mixin/clearhandles/ResourcePackScreenMixin": {
        "buttonClicked": "Lnet/minecraft/class_617;method_1027(Lnet/minecraft/class_356;)V"
      },
      "me/hankung/legacyenhance/mixin/depthfix/CreeperLightningFeatureRendererMixin": {
        "Lcom/mojang/blaze3d/platform/GlStateManager;depthMask(Z)V": "Lnet/minecraft/class_2403;method_9811(Z)V",
        "Lnet/minecraft/client/render/entity/model/CreeperEntityModel;render(Lnet/minecraft/entity/Entity;FFFFFF)V": "Lnet/minecraft/class_437;method_1176(Lnet/minecraft/class_864;FFFFFF)V",
        "render(Lnet/minecraft/entity/mob/CreeperEntity;FFFFFFF)V": "Lnet/minecraft/class_2498;method_10286(Lnet/minecraft/class_969;FFFFFFF)V"
      },
      "me/hankung/legacyenhance/mixin/depthfix/SpiderEyesFeatureRendererMixin": {
        "render(Lnet/minecraft/entity/mob/SpiderEntity;FFFFFFF)V": "Lnet/minecraft/class_2512;method_10300(Lnet/minecraft/class_980;FFFFFFF)V"
      },
      "me/hankung/legacyenhance/mixin/depthfix/WitherArmorFeatureRendererMixin": {
        "render(Lnet/minecraft/entity/boss/WitherEntity;FFFFFFF)V": "Lnet/minecraft/class_2516;method_10303(Lnet/minecraft/class_1410;FFFFFFF)V"
      },
      "me/hankung/legacyenhance/mixin/displayscreen/MinecraftClientMixin": {
        "Lnet/minecraft/client/MinecraftClient;setScreen(Lnet/minecraft/client/gui/screen/Screen;)V": "Lnet/minecraft/class_1600;method_2928(Lnet/minecraft/class_388;)V",
        "startIntegratedServer": "Lnet/minecraft/class_1600;method_6636(Ljava/lang/String;Ljava/lang/String;Lnet/minecraft/class_1156;)V"
      },
      "me/hankung/legacyenhance/mixin/downscaletexture/AbstractFileResourcePackMixin": {
        "getIcon": "Lnet/minecraft/class_1644;method_5896()Ljava/awt/image/BufferedImage;"
      },
      "me/hankung/legacyenhance/mixin/duplicatedsounds/SoundSystemMixin": {
        "Lnet/minecraft/client/sound/SoundSystem$ThreadSafeSoundSystem;pause(Ljava/lang/String;)V": "Lnet/minecraft/class_622$class_1907;pause(Ljava/lang/String;)V",
        "pauseAll": "Lnet/minecraft/class_622;method_7110()V",
        "resumeAll": "Lnet/minecraft/class_622;method_7111()V"
      },
      "me/hankung/legacyenhance/mixin/enableblending/SkullBlockEntityRendererMixin": {
        "Lnet/minecraft/client/render/entity/model/EntityModel;render(Lnet/minecraft/entity/Entity;FFFFFF)V": "Lnet/minecraft/class_444;method_1176(Lnet/minecraft/class_864;FFFFFF)V",
        "render(FFFLnet/minecraft/util/math/Direction;FILcom/mojang/authlib/GameProfile;I)V": "Lnet/minecraft/class_1359;method_10108(FFFLnet/minecraft/class_1354;FILcom/mojang/authlib/GameProfile;I)V"
      },
      "me/hankung/legacyenhance/mixin/enablelighting/BlockEntityRenderDispatcherMixin": {
        "Lnet/minecraft/world/World;getLight(Lnet/minecraft/util/math/BlockPos;I)I": "Lnet/minecraft/class_1150;method_8578(Lnet/minecraft/class_2552;I)I",
        "renderEntity": "Lnet/minecraft/class_598;method_10101(Lnet/minecraft/class_226;FI)V"
      },
      "me/hankung/legacyenhance/mixin/entityculling/BlockEntityRenderDispatcherMixin": {
        "renderEntity(Lnet/minecraft/block/entity/BlockEntity;DDDFI)V": "Lnet/minecraft/class_598;method_10100(Lnet/minecraft/class_226;DDDFI)V"
      },
      "me/hankung/legacyenhance/mixin/entityculling/DebugHudMixin": {
        "getLeftText": "Lnet/minecraft/class_2294;method_9450()Ljava/util/List;"
      },
      "me/hankung/legacyenhance/mixin/entityculling/EntityRenderDispatcherMixin": {
        "method_6913": "Lnet/minecraft/class_550;method_6913(Lnet/minecraft/class_864;DDDFFZ)Z"
      },
      "me/hankung/legacyenhance/mixin/fastersearching/ResourcePackLoaderAccessor": {
        "availableResourcePacks": "field_6621:Ljava/util/List;",
        "getResourcePacks": "method_5909()Ljava/util/List;"
      },
      "me/hankung/legacyenhance/mixin/fastersearching/ResourcePackLoaderMixin": {
        "initResourcePacks": "Lnet/minecraft/class_1657;method_5902()V"
      },
      "me/hankung/legacyenhance/mixin/fastworldswapping/LoadingScreenRendererMixin": {
        "setProgressPercentage": "Lnet/minecraft/class_351;method_2364(I)V"
      },
      "me/hankung/legacyenhance/mixin/fastworldswapping/MinecraftClientMixin": {
        "connect(Lnet/minecraft/client/world/ClientWorld;Ljava/lang/String;)V": "Lnet/minecraft/class_1600;method_2930(Lnet/minecraft/class_478;Ljava/lang/String;)V"
      },
      "me/hankung/legacyenhance/mixin/fluidstitching/FluidRendererMixin": {
        "render": "Lnet/minecraft/class_2431;method_9956(Lnet/minecraft/class_1158;Lnet/minecraft/class_2232;Lnet/minecraft/class_2552;Lnet/minecraft/class_520;)Z"
      },
      "me/hankung/legacyenhance/mixin/fontstatereset/TextRendererMixin": {
        "Lnet/minecraft/client/font/TextRenderer;drawLayer(Ljava/lang/String;FFIZ)I": "Lnet/minecraft/class_370;method_957(Ljava/lang/String;FFIZ)I",
        "draw(Ljava/lang/String;FFIZ)I": "Lnet/minecraft/class_370;method_9417(Ljava/lang/String;FFIZ)I"
      },
      "me/hankung/legacyenhance/mixin/foreignkeyboards/MinecraftClientMixin": {
        "handleKeyInput": "Lnet/minecraft/class_1600;method_6639()V"
      },
      "me/hankung/legacyenhance/mixin/fullbright/ChunkMixin": {
        "getLightAtPos": "Lnet/minecraft/class_1196;method_9132(Lnet/minecraft/class_1161;Lnet/minecraft/class_2552;)I",
        "getLightLevel": "Lnet/minecraft/class_1196;method_9134(Lnet/minecraft/class_2552;I)I"
      },
      "me/hankung/legacyenhance/mixin/fullbright/WorldMixin": {
        "getLightAtPos": "Lnet/minecraft/class_1150;method_8529(Lnet/minecraft/class_1161;Lnet/minecraft/class_2552;)I",
        "getLightLevel(Lnet/minecraft/util/math/BlockPos;)I": "Lnet/minecraft/class_1150;method_8557(Lnet/minecraft/class_2552;)I",
        "getLightLevel(Lnet/minecraft/util/math/BlockPos;Z)I": "Lnet/minecraft/class_1150;method_8543(Lnet/minecraft/class_2552;Z)I",
        "getLightLevelWithCheck": "Lnet/minecraft/class_1150;method_8558(Lnet/minecraft/class_2552;)I",
        "getLuminance": "Lnet/minecraft/class_1150;method_8490(Lnet/minecraft/class_1161;Lnet/minecraft/class_2552;)I",
        "method_8539": "Lnet/minecraft/class_1150;method_8539(Lnet/minecraft/class_1161;Lnet/minecraft/class_2552;)Z"
      },
      "me/hankung/legacyenhance/mixin/glerrorchecking/MinecraftClientMixin": {
        "initializeGame": "Lnet/minecraft/class_1600;method_2921()V"
      },
      "me/hankung/legacyenhance/mixin/hexcolortooltip/ItemStackMixin": {
        "getTooltip": "Lnet/minecraft/class_1071;method_4620(Lnet/minecraft/class_988;Z)Ljava/util/List;"
      },
      "me/hankung/legacyenhance/mixin/hitdelayfix/MinecraftClientMixin": {
        "doAttack": "Lnet/minecraft/class_1600;method_6644()V"
      },
      "me/hankung/legacyenhance/mixin/ingamemultiplayer/GameMenuScreenMixin": {
        "buttonClicked": "Lnet/minecraft/class_385;method_1027(Lnet/minecraft/class_356;)V",
        "init": "Lnet/minecraft/class_385;method_1044()V"
      },
      "me/hankung/legacyenhance/mixin/ingamemultiplayer/MultiplayerScreenMixin": {
        "connect(Lnet/minecraft/client/network/ServerInfo;)V": "Lnet/minecraft/class_376;method_1003(Lnet/minecraft/class_485;)V"
      },
      "me/hankung/legacyenhance/mixin/instantdimensionswapping/ClientPlayNetworkHandlerMixin": {
        "Lnet/minecraft/client/MinecraftClient;setScreen(Lnet/minecraft/client/gui/screen/Screen;)V": "Lnet/minecraft/class_1600;method_2928(Lnet/minecraft/class_388;)V",
        "onGameJoin": "Lnet/minecraft/class_1845;method_7580(Lnet/minecraft/class_2025;)V",
        "onPlayerRespawn": "Lnet/minecraft/class_1845;method_7589(Lnet/minecraft/class_2036;)V"
      },
      "me/hankung/legacyenhance/mixin/legacyenhance/GameMenuScreenMixin": {
        "buttonClicked": "Lnet/minecraft/class_385;method_1027(Lnet/minecraft/class_356;)V",
        "init": "Lnet/minecraft/class_385;method_1044()V"
      },
      "me/hankung/legacyenhance/mixin/legacyenhance/TitleScreenMixin": {
        "Lnet/minecraft/client/gui/screen/TitleScreen;drawWithShadow(Lnet/minecraft/client/font/TextRenderer;Ljava/lang/String;III)V": "Lnet/minecraft/class_624;method_993(Lnet/minecraft/class_370;Ljava/lang/String;III)V",
        "render": "Lnet/minecraft/class_624;method_1025(IIF)V"
      },
      "me/hankung/legacyenhance/mixin/limitscan/ChunkOcclusionDataBuilderMixin": {
        "Lnet/minecraft/client/render/chunk/ChunkOcclusionDataBuilder;addEdgeFaces(ILjava/util/Set;)V": "Lnet/minecraft/class_2484;method_10180(ILjava/util/Set;)V",
        "getOpenFaces(I)Ljava/util/Set;": "Lnet/minecraft/class_2484;method_10177(I)Ljava/util/Set;"
      },
      "me/hankung/legacyenhance/mixin/limitscan/WorldRendererMixin": {
        "getOpenChunkFaces": "Lnet/minecraft/class_530;method_9914(Lnet/minecraft/class_2552;)Ljava/util/Set;"
      },
      "me/hankung/legacyenhance/mixin/logspamfix/NetworkThreadUtilsMixin": {
        "Lnet/minecraft/network/Packet;apply(Lnet/minecraft/network/listener/PacketListener;)V": "Lnet/minecraft/class_700;method_1831(Lnet/minecraft/class_701;)V",
        "net.minecraft.network.NetworkThreadUtils$1": "net/minecraft/class_2570$1",
        "run": "Lnet/minecraft/class_2570$1;run()V"
      },
      "me/hankung/legacyenhance/mixin/logspamfix/ScoreboardMixin": {
        "addTeam": "Lnet/minecraft/class_1471;method_4900(Ljava/lang/String;)Lnet/minecraft/class_1468;",
        "removeObjective": "Lnet/minecraft/class_1471;method_4906(Lnet/minecraft/class_1467;)V",
        "removePlayerFromTeam": "Lnet/minecraft/class_1471;method_4889(Ljava/lang/String;Lnet/minecraft/class_1468;)V",
        "removeTeam": "Lnet/minecraft/class_1471;method_4895(Lnet/minecraft/class_1468;)V"
      },
      "me/hankung/legacyenhance/mixin/logspamfix/SoundSystemMixin": {
        "play": "Lnet/minecraft/class_622;method_7108(Lnet/minecraft/class_1900;)V"
      },
      "me/hankung/legacyenhance/mixin/lowanimationtick/ClientWorldMixin": {
        "spawnRandomParticles": "Lnet/minecraft/class_478;method_1248(III)V"
      },
      "me/hankung/legacyenhance/mixin/memoryissue/MinecraftClientMixin": {
        "connect(Lnet/minecraft/client/world/ClientWorld;Ljava/lang/String;)V": "Lnet/minecraft/class_1600;method_2930(Lnet/minecraft/class_478;Ljava/lang/String;)V"
      },
      "me/hankung/legacyenhance/mixin/memoryleak/CustomPayloadC2SPacketMixin": {
        "apply(Lnet/minecraft/network/listener/ServerPlayPacketListener;)V": "Lnet/minecraft/class_663;method_7979(Lnet/minecraft/class_2050;)V"
      },
      "me/hankung/legacyenhance/mixin/memoryleak/CustomPayloadS2CPacketMixin": {
        "apply(Lnet/minecraft/network/listener/ClientPlayPacketListener;)V": "Lnet/minecraft/class_2015;method_7732(Lnet/minecraft/class_1993;)V"
      },
      "me/hankung/legacyenhance/mixin/memoryleak/MinecraftServerMixin": {
        "Lnet/minecraft/server/ServerMetadata;setFavicon(Ljava/lang/String;)V": "Lnet/minecraft/class_2081;method_8071(Ljava/lang/String;)V",
        "setServerMeta": "Lnet/minecraft/server/MinecraftServer;method_8154(Lnet/minecraft/class_2081;)V"
      },
      "me/hankung/legacyenhance/mixin/memoryleak/PathNodeMakerMixin": {
        "clear": "Lnet/minecraft/class_2284;method_9283()V"
      },
      "me/hankung/legacyenhance/mixin/mipmapsliderfix/GameOptionsMixin": {
        "Lnet/minecraft/client/MinecraftClient;reloadResourcesConcurrently()Lcom/google/common/util/concurrent/ListenableFuture;": "Lnet/minecraft/class_1600;method_9379()Lcom/google/common/util/concurrent/ListenableFuture;",
        "setValue": "Lnet/minecraft/class_347;method_869(Lnet/minecraft/class_347$class_350;F)V"
      },
      "me/hankung/legacyenhance/mixin/modelfix/PlayerEntityModelMixin": {
        "<init>": "Lnet/minecraft/class_2344;<init>(FZ)V"
      },
      "me/hankung/legacyenhance/mixin/modelfix/VillagerEntityModelMixin": {
        "<init>(FFII)V": "Lnet/minecraft/class_461;<init>(FFII)V"
      },
      "me/hankung/legacyenhance/mixin/mousebindfix/HandledScreenMixin": {
        "mouseClicked": "Lnet/minecraft/class_409;method_1026(III)V"
      },
      "me/hankung/legacyenhance/mixin/mousedelayfix/LivingEntityMixin": {
        "getRotationVector": "Lnet/minecraft/class_1699;method_6146(F)Lnet/minecraft/class_236;"
      },
      "me/hankung/legacyenhance/mixin/nbtdatacache/NbtStringMixin": {
        "read": "Lnet/minecraft/class_579;method_1649(Ljava/io/DataInput;ILnet/minecraft/class_1944;)V"
      },
      "me/hankung/legacyenhance/mixin/noachievement/AchievementNotificationMixin": {
        "tick": "Lnet/minecraft/class_399;method_1091()V"
      },
      "me/hankung/legacyenhance/mixin/oldanimation/ArmorFeatureRendererMixin": {
        "combineTextures": "Lnet/minecraft/class_2494;method_10296()Z"
      },
      "me/hankung/legacyenhance/mixin/oldanimation/BiPedModelMixin": {
        "setAngles": "Lnet/minecraft/class_440;method_1173(FFFFFFLnet/minecraft/class_864;)V"
      },
      "me/hankung/legacyenhance/mixin/oldanimation/EntityRenderDispatcherMixin": {
        "Lnet/minecraft/client/render/Tessellator;draw()V": "Lnet/minecraft/class_533;method_9927()V",
        "Lnet/minecraft/client/render/WorldRenderer;drawBox(Lnet/minecraft/util/math/Box;IIII)V": "Lnet/minecraft/class_530;method_9896(Lnet/minecraft/class_231;IIII)V",
        "renderHitbox": "Lnet/minecraft/class_550;method_4328(Lnet/minecraft/class_864;DDDFF)V"
      },
      "me/hankung/legacyenhance/mixin/oldanimation/FishingBobberEntityRendererMixin": {
        "net/minecraft/util/math/Vec3d": "net/minecraft/class_236",
        "render": "Lnet/minecraft/class_556;method_1539(Lnet/minecraft/class_993;DDDFF)V"
      },
      "me/hankung/legacyenhance/mixin/oldanimation/FoodItemAccessor": {
        "alwaysEdible": "field_4201:Z"
      },
      "me/hankung/legacyenhance/mixin/oldanimation/GameRendererMixin": {
        "Lnet/minecraft/entity/Entity;getEyeHeight()F": "Lnet/minecraft/class_864;method_2544()F",
        "renderDebugCrosshair": "Lnet/minecraft/class_524;method_9782(F)V",
        "transformCamera": "Lnet/minecraft/class_524;method_1340(F)V"
      },
      "me/hankung/legacyenhance/mixin/oldanimation/HeldItemRendererMixin": {
        "Lnet/minecraft/util/math/MathHelper;clamp(FFF)F": "Lnet/minecraft/class_837;method_2336(FFF)F",
        "renderArmHoldingItem": "Lnet/minecraft/class_529;method_1354(F)V",
        "updateHeldItems": "Lnet/minecraft/class_529;method_1353()V"
      },
      "me/hankung/legacyenhance/mixin/oldanimation/ItemRendererMixin": {
        "Lnet/minecraft/client/render/item/ItemRenderer;renderItem(Lnet/minecraft/item/ItemStack;Lnet/minecraft/client/render/model/BakedModel;)V": "Lnet/minecraft/class_560;method_10243(Lnet/minecraft/class_1071;Lnet/minecraft/class_2528;)V",
        "renderItem(Lnet/minecraft/item/ItemStack;Lnet/minecraft/client/render/model/BakedModel;Lnet/minecraft/client/render/model/json/ModelTransformation$Mode;)V": "Lnet/minecraft/class_560;method_10244(Lnet/minecraft/class_1071;Lnet/minecraft/class_2528;Lnet/minecraft/class_2462$class_2464;)V",
        "renderItem(Lnet/minecraft/item/ItemStack;Lnet/minecraft/entity/LivingEntity;Lnet/minecraft/client/render/model/json/ModelTransformation$Mode;)V": "Lnet/minecraft/class_560;method_10245(Lnet/minecraft/class_1071;Lnet/minecraft/class_1699;Lnet/minecraft/class_2462$class_2464;)V"
      },
      "me/hankung/legacyenhance/mixin/oldanimation/MinecraftClientMixin": {
        "doUse": "Lnet/minecraft/class_1600;method_6645()V"
      },
      "me/hankung/legacyenhance/mixin/oldanimation/PlayerListHudMixin": {
        "render": "Lnet/minecraft/class_2308;method_9521(ILnet/minecraft/class_1471;Lnet/minecraft/class_1467;)V"
      },
      "me/hankung/legacyenhance/mixin/openpackfolderfix/ResourcePackScreenMixin": {
        "buttonClicked": "Lnet/minecraft/class_617;method_1027(Lnet/minecraft/class_356;)V"
      },
      "me/hankung/legacyenhance/mixin/optifinefix/ChunkRenderCacheMixin": {
        "Lnet/minecraft/client/world/ChunkRenderCache;field_10664:[Lnet/minecraft/block/BlockState;": "Lnet/minecraft/class_2396;field_10664:[Lnet/minecraft/class_2232;",
        "getBlockState": "Lnet/minecraft/class_2396;method_8580(Lnet/minecraft/class_2552;)Lnet/minecraft/class_2232;"
      },
      "me/hankung/legacyenhance/mixin/optimization/ChunkMixin": {
        "Lnet/minecraft/world/chunk/Chunk;method_3917(III)V": "Lnet/minecraft/class_1196;method_3917(III)V",
        "getBlockState": "Lnet/minecraft/class_1196;method_9137(Lnet/minecraft/class_2552;Lnet/minecraft/class_2232;)Lnet/minecraft/class_2232;"
      },
      "me/hankung/legacyenhance/mixin/optimization/GameRuleManagerMixin": {
        "net.minecraft.world.GameRuleManager$Value": "net/minecraft/class_1439$class_1440",
        "setDefaultValue(Ljava/lang/String;)V": "Lnet/minecraft/class_1439$class_1440;method_4676(Ljava/lang/String;)V"
      },
      "me/hankung/legacyenhance/mixin/optimization/WorldMixin": {
        "Lnet/minecraft/world/World;getEntitiesIn(Lnet/minecraft/entity/Entity;Lnet/minecraft/util/math/Box;)Ljava/util/List;": "Lnet/minecraft/class_1150;method_3665(Lnet/minecraft/class_864;Lnet/minecraft/class_231;)Ljava/util/List;",
        "doesBoxCollide": "Lnet/minecraft/class_1150;method_3633(Lnet/minecraft/class_864;Lnet/minecraft/class_231;)Ljava/util/List;"
      },
      "me/hankung/legacyenhance/mixin/packetspam/SoundsScreenMixin": {
        "Lnet/minecraft/client/option/GameOptions;save()V": "Lnet/minecraft/class_347;method_873()V",
        "Lnet/minecraft/client/sound/SoundManager;play(Lnet/minecraft/client/sound/SoundInstance;)V": "Lnet/minecraft/class_1909;method_7121(Lnet/minecraft/class_1900;)V",
        "mouseDragged(Lnet/minecraft/client/MinecraftClient;II)V": "Lnet/minecraft/class_1815$class_1816;method_893(Lnet/minecraft/class_1600;II)V",
        "mouseReleased(II)V": "Lnet/minecraft/class_1815$class_1816;method_890(II)V",
        "net.minecraft.client.gui.screen.SoundsScreen$SoundButtonWidget": "net/minecraft/class_1815$class_1816"
      },
      "me/hankung/legacyenhance/mixin/particleculling/ParticleManagerMixin": {
        "Lnet/minecraft/client/particle/Particle;draw(Lnet/minecraft/client/render/BufferBuilder;Lnet/minecraft/entity/Entity;FFFFFF)V": "Lnet/minecraft/class_502;method_1283(Lnet/minecraft/class_520;Lnet/minecraft/class_864;FFFFFF)V",
        "Lnet/minecraft/client/particle/ParticleManager;tickParticle(Lnet/minecraft/client/particle/Particle;)V": "Lnet/minecraft/class_503;method_9711(Lnet/minecraft/class_502;)V",
        "renderParticles": "Lnet/minecraft/class_503;method_1296(Lnet/minecraft/class_864;F)V",
        "updateLayer(Ljava/util/List;)V": "Lnet/minecraft/class_503;method_9706(Ljava/util/List;)V"
      },
      "me/hankung/legacyenhance/mixin/resolvebuttonclick/DeathScreenMixin": {
        "init": "Lnet/minecraft/class_364;method_1044()V"
      },
      "me/hankung/legacyenhance/mixin/resolvecrash/BufferBuilderMixin": {
        "end": "Lnet/minecraft/class_520;method_9752()V",
        "next": "Lnet/minecraft/class_520;method_9750()V"
      },
      "me/hankung/legacyenhance/mixin/resolvecrash/ItemModelsMixin": {
        "Lnet/minecraft/item/ItemStack;getItem()Lnet/minecraft/item/Item;": "Lnet/minecraft/class_1071;method_3421()Lnet/minecraft/class_1069;",
        "getModel(Lnet/minecraft/item/ItemStack;)Lnet/minecraft/client/render/model/BakedModel;": "Lnet/minecraft/class_2422;method_9884(Lnet/minecraft/class_1071;)Lnet/minecraft/class_2528;"
      },
      "me/hankung/legacyenhance/mixin/resolvecrash/LivingEntityMixin": {
        "Lnet/minecraft/entity/effect/StatusEffectInstance;method_6093(Lnet/minecraft/entity/LivingEntity;)Z": "Lnet/minecraft/class_861;method_6093(Lnet/minecraft/class_1699;)Z",
        "tickStatusEffects": "Lnet/minecraft/class_1699;method_6118()V"
      },
      "me/hankung/legacyenhance/mixin/resolvecrash/MultiplayerServerListWidgetMixin": {
        "Lnet/minecraft/client/gui/screen/multiplayer/MultiplayerServerListWidget;lanServers:Ljava/util/List;": "Lnet/minecraft/class_1827;field_7842:Ljava/util/List;",
        "getEntry": "Lnet/minecraft/class_1827;method_6697(I)Lnet/minecraft/class_1802$class_1803;"
      },
      "me/hankung/legacyenhance/mixin/resolvecrash/NbtCompoundMixin": {
        "put": "Lnet/minecraft/class_322;method_814(Ljava/lang/String;Lnet/minecraft/class_605;)V"
      },
      "me/hankung/legacyenhance/mixin/resolvecrash/ResourcePackLoaderMixin": {
        "deleteOldServerPack": "Lnet/minecraft/class_1657;method_10368()V"
      },
      "me/hankung/legacyenhance/mixin/resolvecrash/ServerEntryMixin": {
        "Lnet/minecraft/client/gui/widget/ServerEntry;checkServerIcon()V": "Lnet/minecraft/class_1825;method_6789()V",
        "render": "Lnet/minecraft/class_1825;method_6700(IIIIIIIZ)V"
      },
      "me/hankung/legacyenhance/mixin/resolvelockups/VertexBufferMixin": {
        "Lnet/minecraft/client/render/VertexBuffer;bind()V": "Lnet/minecraft/class_2521;method_10327()V",
        "data": "Lnet/minecraft/class_2521;method_10329(Ljava/nio/ByteBuffer;)V"
      },
      "me/hankung/legacyenhance/mixin/resolverenderlayer/BookEditScreenMixin": {
        "Lnet/minecraft/client/gui/screen/ingame/BookEditScreen;renderTextHoverEffect(Lnet/minecraft/text/Text;II)V": "Lnet/minecraft/class_410;method_9579(Lnet/minecraft/class_1982;II)V",
        "render": "Lnet/minecraft/class_410;method_1025(IIF)V"
      },
      "me/hankung/legacyenhance/mixin/resourceexploitfix/ClientPlayNetworkHandlerMixin": {
        "onResourcePackSend": "Lnet/minecraft/class_1845;method_10634(Lnet/minecraft/class_2580;)V"
      },
      "me/hankung/legacyenhance/mixin/scoreboardtextfix/InGameHudMixin": {
        "renderScoreboardObjective": "Lnet/minecraft/class_371;method_9423(Lnet/minecraft/class_1467;Lnet/minecraft/class_389;)V"
      },
      "me/hankung/legacyenhance/mixin/screenstatefix/MinecraftClientMixin": {
        "toggleFullscreen": "Lnet/minecraft/class_1600;method_2953()V"
      },
      "me/hankung/legacyenhance/mixin/signchatspam/ClientPlayNetworkHandlerMixin": {
        "Lnet/minecraft/entity/player/ClientPlayerEntity;sendMessage(Lnet/minecraft/text/Text;)V": "Lnet/minecraft/class_518;method_5505(Lnet/minecraft/class_1982;)V",
        "onUpdateSign": "Lnet/minecraft/class_1845;method_7604(Lnet/minecraft/class_2046;)V"
      },
      "me/hankung/legacyenhance/mixin/skiptwitch/GameRendererMixin": {
        "renderStreamIndicator": "Lnet/minecraft/class_524;method_6882(F)V"
      },
      "me/hankung/legacyenhance/mixin/skiptwitch/MinecraftClientMixin": {
        "Lnet/minecraft/client/util/TwitchStreamProvider;submit()V": "Lnet/minecraft/class_1931;method_7254()V",
        "Lnet/minecraft/client/util/TwitchStreamProvider;update()V": "Lnet/minecraft/class_1931;method_7253()V",
        "runGameLoop": "Lnet/minecraft/class_1600;method_2916()V"
      },
      "me/hankung/legacyenhance/mixin/splitremnantsfix/HandledScreenMixin": {
        "Lnet/minecraft/item/ItemStack;copy()Lnet/minecraft/item/ItemStack;": "Lnet/minecraft/class_1071;method_3442()Lnet/minecraft/class_1071;",
        "calculateOffset": "Lnet/minecraft/class_409;method_4947()V"
      },
      "me/hankung/legacyenhance/mixin/sprintparticlefix/EntityMixin": {
        "attemptSprintingParticles": "Lnet/minecraft/class_864;method_10929()V"
      },
      "me/hankung/legacyenhance/mixin/staticparticlecolor/ParticleMixin": {
        "Lnet/minecraft/client/particle/Particle;getLightmapCoordinates(F)I": "Lnet/minecraft/class_502;method_2524(F)I",
        "draw": "Lnet/minecraft/class_502;method_1283(Lnet/minecraft/class_520;Lnet/minecraft/class_864;FFFFFF)V"
      },
      "me/hankung/legacyenhance/mixin/unclosedstream/ThreadedAnvilChunkStorageMixin": {
        "Lnet/minecraft/nbt/NbtIo;read(Ljava/io/DataInputStream;)Lnet/minecraft/nbt/NbtCompound;": "Lnet/minecraft/class_528;method_7363(Ljava/io/DataInputStream;)Lnet/minecraft/class_322;",
        "loadChunk": "Lnet/minecraft/class_1205;method_3951(Lnet/minecraft/class_1150;II)Lnet/minecraft/class_1196;"
      },
      "me/hankung/legacyenhance/mixin/uselessanimations/OtherClientPlayerEntityMixin": {
        "Lnet/minecraft/entity/player/OtherClientPlayerEntity;tickHandSwing()V": "Lnet/minecraft/class_519;method_6127()V",
        "tickMovement": "Lnet/minecraft/class_519;method_2651()V"
      },
      "me/hankung/legacyenhance/mixin/windowsimefix/ScreenMixin": {
        "handleKeyboard": "Lnet/minecraft/class_388;method_6755()V"
      }
    }
  }
}