{
  "required": true,
  "minVersion": "0.8",
  "package": "me.hankung.legacyenhance.mixin",
  "compatibilityLevel": "JAVA_8",
  "plugin": "me.hankung.legacyenhance.mixin.MixinConfigPlugin",
  "overwrites": {
    "conformVisibility": true
  },
  "mixins": [],
  "client": [
    "adjustheightfix.ExperienceOrbEntityMixin",
    "armorbreakingsound.ScreenHandlerMixin",
    "armpositionfix.PlayerEntityRendererMixin",
    "banneranimationfix.BannerBlockEntityRendererMixin",
    "batchdrawing.BufferBuilderAccessor",
    "batchdrawing.ModelPartMixin",
    "batchdrawing.TexturedQuadMixin",
    "betterchat.ChatHudMixin",
    "betterchat.ChatMessageC2SPacketMixin",
    "betterchat.ChatScreenMixin",
    "betterchat.CloseScreenS2CPacketMixin",
    "betterchat.MinecraftClientMixin",
    "betterkeybind.KeyBindingAccessor",
    "betterkeybind.MinecraftClientMixin",
    "betterroman.EnchantmentMixin",
    "betterroman.InventoryScreenMixin",
    "bettersmoothlighting.BlockModelRendererMixin",
    "brightnessfix.EntityMixin",
    "brightnessfix.StuckArrowsFeatureRendererMixin",
    "cachedisplayname.EntityMixin",
    "cachedisplayname.ItemStackMixin",
    "cachedisplayname.PlayerEntityMixin",
    "cancellightmap.GameRendererMixin",
    "casecommands.CommandRegistryMixin",
    "chestdisplay.BannerBlockEntityRendererMixin",
    "cleanview.LivingEntityMixin",
    "clearhandles.ResourcePackScreenMixin",
    "depthfix.CreeperLightningFeatureRendererMixin",
    "depthfix.SpiderEyesFeatureRendererMixin",
    "depthfix.WitherArmorFeatureRendererMixin",
    "displayscreen.MinecraftClientMixin",
    "downscaletexture.AbstractFileResourcePackMixin",
    "duplicatedsounds.SoundSystemMixin",
    "enableblending.SkullBlockEntityRendererMixin",
    "enablelighting.BlockEntityRenderDispatcherMixin",
    "entityculling.BlockEntityRenderDispatcherMixin",
    "entityculling.CullableMixin",
    "entityculling.DebugHudMixin",
    "entityculling.EntityRenderDispatcherMixin",
    "entityculling.EntityRendererMixin",
    "fluidstitching.FluidRendererMixin",
    "fontstatereset.TextRendererMixin",
    "foreignkeyboards.MinecraftClientMixin",
    "fullbright.ChunkMixin",
    "fullbright.WorldMixin",
    "glerrorchecking.MinecraftClientMixin",
    "hexcolortooltip.ItemStackMixin",
    "hitdelayfix.MinecraftClientMixin",
    "ingamemultiplayer.GameMenuScreenMixin",
    "ingamemultiplayer.MultiplayerScreenMixin",
    "instantdimensionswapping.ClientPlayNetworkHandlerMixin",
    "legacyenhance.GameMenuScreenMixin",
    "legacyenhance.TitleScreenMixin",
    "logspamfix.NetworkThreadUtilsMixin",
    "logspamfix.ScoreboardMixin",
    "logspamfix.SoundSystemMixin",
    "lowanimationtick.ClientWorldMixin",
    "memoryissue.MinecraftClientMixin",
    "memoryleak.CustomPayloadC2SPacketMixin",
    "memoryleak.CustomPayloadS2CPacketMixin",
    "memoryleak.MinecraftServerMixin",
    "memoryleak.PathNodeMakerMixin",
    "memoryleak.RedstoneTorchBlockMixin",
    "mipmapsliderfix.GameOptionsMixin",
    "mipmapsliderfix.VideoOptionsScreenMixin",
    "modelfix.PlayerEntityModelMixin",
    "modelfix.SkeletonEntityModelMixin",
    "modelfix.VillagerEntityModelMixin",
    "mousebindfix.HandledScreenMixin",
    "mousedelayfix.LivingEntityMixin",
    "nbtdatacache.NbtStringMixin",
    "noachievement.AchievementNotificationMixin",
    "oldanimation.ArmorFeatureRendererMixin",
    "oldanimation.BiPedModelMixin",
    "oldanimation.EntityRenderDispatcherMixin",
    "oldanimation.FishingBobberEntityRendererMixin",
    "oldanimation.FoodItemAccessor",
    "oldanimation.GameRendererMixin",
    "oldanimation.HeldItemRendererMixin",
    "oldanimation.ItemRendererMixin",
    "oldanimation.MinecraftClientMixin",
    "oldanimation.PlayerListHudMixin",
    "openpackfolderfix.ResourcePackScreenMixin",
    "optifinefix.ChunkRenderCacheMixin",
    "optimization.ChunkMixin",
    "optimization.GameRuleManagerMixin",
    "optimization.WorldMixin",
    "packetspam.SoundsScreenMixin",
    "particleculling.ParticleManagerMixin",
    "raceconditionfix.LazyMixin",
    "reduceallocations.BlockPosMixin",
    "resetunicodefont.LanguageOptionsScreenMixin",
    "resolvebuttonclick.DeathScreenMixin",
    "resolvecrash.BufferBuilderMixin",
    "resolvecrash.GameOptionsMixin",
    "resolvecrash.ItemModelsMixin",
    "resolvecrash.LivingEntityMixin",
    "resolvecrash.MultiplayerServerListWidgetMixin",
    "resolvecrash.NbtCompoundMixin",
    "resolvecrash.ResourcePackLoaderMixin",
    "resolvecrash.ServerAddressMixin",
    "resolvecrash.ServerEntryMixin",
    "resolvelockups.VertexBufferMixin",
    "resolvenpe.EntityPacketsMixin",
    "resolvenpe.ServerListMixin",
    "resolverenderlayer.BookEditScreenMixin",
    "resourceexploitfix.ClientPlayNetworkHandlerMixin",
    "savesettings.SettingsScreenMixin",
    "scoreboardtextfix.InGameHudMixin",
    "screenstatefix.MinecraftClientMixin",
    "signchatspam.ClientPlayNetworkHandlerMixin",
    "skiptwitch.GameRendererMixin",
    "skiptwitch.MinecraftClientMixin",
    "splitremnantsfix.HandledScreenMixin",
    "sprintparticlefix.EntityMixin",
    "staticparticlecolor.ParticleMixin",
    "unclosedstream.ThreadedAnvilChunkStorageMixin",
    "uselessanimations.OtherClientPlayerEntityMixin",
    "windowsimefix.ScreenMixin"
  ],
  "injectors": {
    "defaultRequire": 1
  },
  "refmap": "legacyenhance.refmap.json"
}